timestamp,signal,confidence,entry_price,stop_loss,take_profit,outcome,close_price,close_time,ta_summary,sentiment_summary,history_summary,decision_rationale,overrides,indicators,tp_adjustments,tp_adjustment_log
2026-04-10 00:51:39,Do Not Enter,25,,,,pending,,,"RSI neutral at 50.13, MACD barely positive at 0.0002, but ADX extremely weak at 8.21 indicates no meaningful trend strength despite DI+ slightly above DI-",Weak positive sentiment at +0.15 provides minimal bullish support with only 3 headlines analyzed,No previous signal history to reference for pattern analysis,"Extremely low ADX shows no trend momentum exists, making this a choppy sideways market unsuitable for aggressive day trading despite slight directional bias [OVERRIDDEN: Confidence 25% below 60% threshold]",Confidence 25% below 60% threshold,RSI: 50.1334 | MACD: 0.0002 | ADX: 8.2135 | DI_PLUS: 50.1255 | DI_MINUS: 48.6979,0,
2026-04-10 00:54:49,Do Not Enter,15,,,,pending,,,RSI at 21.5 shows extreme oversold but DI- dominates at 77.2 vs DI+ at 22.3 indicating strong bearish trend with weak ADX at 19.6,News sentiment at +0.15 is barely positive and insufficient to counter the strong bearish technical setup,No meaningful trading history available with only one low-confidence prior signal,Oversold RSI without positive sentiment confirmation plus bearish DI dominance creates falling knife scenario unsuitable for aggressive day trading [OVERRIDDEN: Confidence 15% below 60% threshold],Confidence 15% below 60% threshold,RSI: 21.5293 | MACD: -0.004 | ADX: 19.6016 | DI_PLUS: 22.2994 | DI_MINUS: 77.1772,0,
2026-04-10 00:57:50,Do Not Enter,25,,,,pending,,,RSI at 21.53 shows severe oversold conditions but DI- dominates at 77.18 vs DI+ at 22.30 confirming strong bearish trend,Weak positive sentiment at +0.15 provides insufficient bullish confirmation for oversold bounce attempt,No trade history available but current setup lacks required confluence signals,"Despite oversold RSI, bearish trend dominance and weak sentiment create falling knife scenario rather than bounce opportunity [OVERRIDDEN: Confidence 25% below 60% threshold]",Confidence 25% below 60% threshold,RSI: 21.5293 | MACD: -0.0053 | ADX: 26.6914 | DI_PLUS: 22.2994 | DI_MINUS: 77.1772,0,
2026-04-10 01:00:49,Do Not Enter,35,,,,pending,,,"DI- (50.75) above DI+ (48.91) confirms bearish trend despite neutral RSI at 48.89, with negative MACD (-0.0047) supporting downside bias",Weak positive sentiment at +0.15 insufficient to overcome technical bearish signals,Three consecutive 'Do Not Enter' signals suggest continued poor setup conditions,Bearish directional indicators violate buy signal rules despite moderate ADX trend strength [OVERRIDDEN: Confidence 35% below 60% threshold],Confidence 35% below 60% threshold,RSI: 48.8868 | MACD: -0.0047 | ATR: 0.0021 | ADX: 28.5593 | DI_PLUS: 48.9066 | DI_MINUS: 50.7492,0,
2026-04-10 01:03:50,Do Not Enter,25,,,,pending,,,RSI oversold at 33.99 but DI- dominates at 46.43 vs DI+ at 4.99 confirming strong bearish trend with ADX at 38.73,News sentiment weakly positive at +0.15 but insufficient to override oversold RSI without stronger bullish confirmation,"All recent signals resulted in Do Not Enter decisions with low confidence, indicating challenging market conditions",Cannot enter Buy when DI- significantly exceeds DI+ regardless of oversold RSI - this violates directional trend rules [OVERRIDDEN: Confidence 25% below 60% threshold],Confidence 25% below 60% threshold,RSI: 33.9899 | MACD: -0.0052 | ADX: 38.727 | DI_PLUS: 4.9954 | DI_MINUS: 46.4295,0,
2026-04-10 01:06:50,Do Not Enter,25,,,,pending,,,RSI at 28.83 shows oversold conditions but DI- (53.70) dominates DI+ (4.32) confirming strong bearish trend with ADX 47.97 showing high trend strength,Weak positive sentiment at +0.15 is insufficient to overcome the strong bearish technical momentum,No previous trades to reference but system has shown good discipline avoiding low-confidence setups,Never enter Buy when DI- > DI+ regardless of oversold RSI - this is a falling knife scenario requiring much stronger sentiment confirmation [OVERRIDDEN: Confidence 25% below 60% threshold],Confidence 25% below 60% threshold,RSI: 28.8328 | MACD: -0.0083 | ADX: 47.9738 | DI_PLUS: 4.3179 | DI_MINUS: 53.6952 | OBV: -8657.1901,0,
2026-04-10 01:09:50,Do Not Enter,25,,,,pending,,,"RSI at 39.48 shows neutral-bearish territory while strong ADX of 45.25 confirms trend strength, but DI- dominance (46.40 vs 17.32) indicates clear bearish momentum with MACD negative at -0.0069",Weak positive sentiment of +0.15 from only 3 headlines provides insufficient bullish confirmation for oversold bounce,Recent pattern shows disciplined risk management with all previous Do Not Enter signals avoiding potential losses,Clear bearish trend dominance (DI- >> DI+) combined with weak sentiment fails to meet 60% confidence threshold despite oversold RSI levels [OVERRIDDEN: Confidence 25% below 60% threshold],Confidence 25% below 60% threshold,RSI: 39.4818 | MACD: -0.0069 | ADX: 45.2479 | DI_PLUS: 17.3228 | DI_MINUS: 46.397,0,
2026-04-10 01:12:49,Buy,65,9.28,9.08,9.58,pending,,,"Strong uptrend confirmed with DI+ (41.94) > DI- (32.58), high ADX (42.96) shows strong momentum, RSI (58.74) in bullish territory with room to run",Neutral sentiment (+0.15) provides no headwind against the technical setup,"Previous conservative approach prevented losses, now strong technical confluence justifies aggressive entry",Clear directional bias with strong momentum indicators align for 3.2% upside target with tight 2.2% stop loss,,RSI: 58.7423 | MACD: -0.0045 | ADX: 42.9616 | DI_PLUS: 41.9422 | DI_MINUS: 32.5811,0,
2026-04-10 01:15:51,Buy,68,9.28,9.07,9.6,pending,,,"RSI at 58.74 shows neutral momentum, strong ADX 36.90 with DI+ 41.94 > DI- 32.58 confirms uptrend direction, MACD slightly negative but trending structure intact",News sentiment +0.15 provides minimal bullish support but not negative headwind,"Recent Buy signal at 65% confidence breaks pattern of weak Do Not Enter signals, suggesting momentum shift","Strong directional trend confirmation with DI+ dominance and high ADX strength outweighs weak sentiment, targeting 3.4% upside move with tight 2.3% stop",,RSI: 58.7423 | MACD: -0.0007 | ADX: 36.9017 | DI_PLUS: 41.9421 | DI_MINUS: 32.5811,0,
2026-04-10 01:12:49,Buy,65,9.28,9.08,9.58,W,9.59,2026-04-11 12:49:31,"Strong uptrend confirmed with DI+ (41.94) > DI- (32.58), high ADX (42.96) shows strong momentum, RSI (58.74) in bullish territory with room to run",Neutral sentiment (+0.15) provides no headwind against the technical setup,"Previous conservative approach prevented losses, now strong technical confluence justifies aggressive entry",Clear directional bias with strong momentum indicators align for 3.2% upside target with tight 2.2% stop loss,,RSI: 58.7423 | MACD: -0.0045 | ADX: 42.9616 | DI_PLUS: 41.9422 | DI_MINUS: 32.5811,0,
2026-04-11 18:34:39,Do Not Enter,25,,,,pending,,,RSI at extreme oversold 16.03 but DI- dominates at 84.00 vs DI+ 15.99 confirming strong bearish trend with MACD negative at -0.0108,News sentiment negative at -0.35 provides no bullish confirmation for oversold bounce attempt,Recent pattern shows high-confidence signals generated wins while low-confidence avoidance was correct,Oversold RSI without sentiment support plus DI- >> DI+ trend dominance creates falling knife scenario below 60% confidence threshold [OVERRIDDEN: Confidence 25% below 60% threshold],Confidence 25% below 60% threshold,RSI: 16.0329 | MACD: -0.0108 | ADX: 26.3506 | DI_PLUS: 15.9954 | DI_MINUS: 84.0039,0,
2026-04-11 18:37:39,Do Not Enter,25,,,,pending,,,RSI at 20.83 shows severe oversold conditions but DI- dominates at 80.43 vs DI+ at 13.14 confirming strong bearish trend with ADX at 36.91,Negative sentiment at -0.35 provides no bullish confirmation for oversold bounce attempt,Previous high-confidence signals succeeded but current setup lacks the required confluence indicators,"Cannot enter Buy with DI- > DI+ regardless of oversold RSI, and negative sentiment fails to meet +0.4 threshold for oversold bounce confirmation [OVERRIDDEN: Confidence 25% below 60% threshold]",Confidence 25% below 60% threshold,RSI: 20.8313 | MACD: -0.0272 | ADX: 36.9069 | DI_PLUS: 13.1376 | DI_MINUS: 80.4326,0,
2026-04-11 18:40:40,Do Not Enter,25,,,,pending,,,RSI deeply oversold at 28.5 but DI- dominates at 48.4 vs DI+ 18.7 showing strong bearish trend with ADX 41.7 confirming trend strength,Neutral sentiment at 0.00 provides no bullish confirmation for oversold bounce attempt,Recent win came from respecting confidence thresholds and avoiding low-confidence setups,Strong bearish directional bias (DI- >> DI+) overrides oversold RSI - this is a falling knife scenario without sentiment support [OVERRIDDEN: Confidence 25% below 60% threshold],Confidence 25% below 60% threshold,RSI: 28.529 | MACD: -0.0365 | BB_WIDTH: 0.025408 | ADX: 41.6972 | DI_PLUS: 18.7392 | DI_MINUS: 48.358,0,
2026-04-11 18:43:40,Do Not Enter,25,,,,pending,,,RSI at 22.17 shows severe oversold conditions but DI- dominates DI+ (41.27 vs 10.12) confirming strong bearish trend despite high ADX strength,News sentiment at -0.35 provides no bullish support for oversold bounce attempt,Recent pattern shows high-confidence signals succeeded but this setup lacks the required conviction,Oversold RSI with bearish directional bias and negative sentiment creates falling knife scenario not bounce opportunity [OVERRIDDEN: Confidence 25% below 60% threshold],Confidence 25% below 60% threshold,RSI: 22.1717 | MACD: -0.0532 | ADX: 44.8639 | DI_PLUS: 10.1179 | DI_MINUS: 41.2711,0,
2026-04-11 18:46:39,Do Not Enter,25,,,,pending,,,RSI deeply oversold at 23.89 but DI- dominates at 38.47 vs DI+ at 7.78 confirming strong bearish trend with ADX at 49.33,Negative sentiment at -0.45 provides no bullish support for potential oversold bounce,Recent pattern shows high-confidence signals succeed but this setup lacks the required confidence threshold,Oversold RSI without positive sentiment plus bearish DI dominance creates falling knife scenario below 60% confidence threshold [OVERRIDDEN: Confidence 25% below 60% threshold],Confidence 25% below 60% threshold,RSI: 23.8869 | MACD: -0.0612 | ADX: 49.3344 | DI_PLUS: 7.7803 | DI_MINUS: 38.4726 | OBV: -44036.8566,0,
2026-04-10 01:15:51,Buy,68,9.28,9.07,9.6,L,9.07,2026-04-11 18:48:16,"RSI at 58.74 shows neutral momentum, strong ADX 36.90 with DI+ 41.94 > DI- 32.58 confirms uptrend direction, MACD slightly negative but trending structure intact",News sentiment +0.15 provides minimal bullish support but not negative headwind,"Recent Buy signal at 65% confidence breaks pattern of weak Do Not Enter signals, suggesting momentum shift","Strong directional trend confirmation with DI+ dominance and high ADX strength outweighs weak sentiment, targeting 3.4% upside move with tight 2.3% stop",,RSI: 58.7423 | MACD: -0.0007 | ADX: 36.9017 | DI_PLUS: 41.9421 | DI_MINUS: 32.5811,0,
2026-04-11 18:49:40,Do Not Enter,25,,,,pending,,,RSI deeply oversold at 21.4 but DI- dominates at 38.2 vs DI+ 6.5 confirming strong bearish trend with negative MACD momentum,Neutral sentiment at 0.00 provides no bullish confirmation for oversold bounce attempt,Recent mixed results on higher confidence signals suggest waiting for clearer setups,Oversold RSI without positive sentiment and strong bearish directional indicators create falling knife scenario below 60% confidence threshold [OVERRIDDEN: Confidence 25% below 60% threshold],Confidence 25% below 60% threshold,RSI: 21.3998 | MACD: -0.0685 | BB_UPPER: 9.384 | ADX: 53.4313 | DI_PLUS: 6.531 | DI_MINUS: 38.165 | OBV: -44092.1411,0,
2026-04-11 18:52:40,Do Not Enter,25,,,,pending,,,RSI oversold at 30.23 but strong bearish trend confirmed with DI- (36.56) dominating DI+ (5.59) and ADX at 57.50 showing strong directional momentum downward,Negative sentiment at -0.35 provides no bullish confirmation for oversold bounce attempt,"Recent pattern shows mixed results with 65% confidence winning but 68% confidence losing, indicating market unpredictability",Cannot enter Buy when DI- significantly exceeds DI+ regardless of oversold RSI - this violates core rule against buying into bearish trends [OVERRIDDEN: Confidence 25% below 60% threshold],Confidence 25% below 60% threshold,RSI: 30.2348 | MACD: -0.066 | BB_WIDTH: 0.033237 | ADX: 57.4967 | DI_PLUS: 5.5984 | DI_MINUS: 36.5588,0,
2026-04-11 18:55:42,Do Not Enter,25,,,,pending,,,RSI oversold at 32.66 but DI- dominates at 34.94 vs DI+ 9.77 confirming strong bearish trend with high ADX 56.28 showing trend strength,Negative news sentiment at -0.35 provides no support for bounce plays in oversold conditions,"Recent pattern shows mixed results regardless of confidence level, with one 68% confidence trade failing",Strong bearish directional indicators (DI- >> DI+) combined with negative sentiment makes this oversold RSI a falling knife rather than bounce opportunity [OVERRIDDEN: Confidence 25% below 60% threshold],Confidence 25% below 60% threshold,RSI: 32.6639 | MACD: -0.0562 | BB_UPPER: 9.2455 | ADX: 56.2786 | DI_PLUS: 9.7691 | DI_MINUS: 34.9436,0,
2026-04-11 18:58:40,Do Not Enter,25,,,,pending,,,RSI at 36.13 shows oversold conditions but DI- (32.69) dominates DI+ (15.59) confirming strong bearish trend despite high ADX strength,Neutral sentiment at 0.00 provides no bullish catalyst to counter the technical bearish setup,Recent pattern shows lower confidence signals led to losses while cautious restraint improved outcomes,"Cannot enter Buy when DI- > DI+ regardless of oversold RSI, and oversold conditions without positive sentiment confirmation indicate falling knife risk [OVERRIDDEN: Confidence 25% below 60% threshold]",Confidence 25% below 60% threshold,RSI: 36.1328 | MACD: -0.0465 | ADX: 54.7922 | DI_PLUS: 15.5868 | DI_MINUS: 32.6906,0,
2026-04-11 19:01:41,Do Not Enter,25,,,,pending,,,RSI at 30.97 shows oversold conditions but strong ADX at 51.88 with DI- dominating at 33.10 vs DI+ at 12.75 confirms strong bearish trend.,Neutral sentiment at 0.00 provides no bullish confirmation needed for oversold bounce setup.,Recent low confidence buy resulted in loss while conservative do-not-enter signals prevented further damage.,Never enter Buy when DI- exceeds DI+ regardless of oversold RSI - this is a falling knife in a strong downtrend without sentiment support. [OVERRIDDEN: Confidence 25% below 60% threshold],Confidence 25% below 60% threshold,RSI: 30.9682 | MACD: -0.0417 | BB_UPPER: 9.1478 | ADX: 51.8792 | DI_PLUS: 12.7524 | DI_MINUS: 33.0992,0,
2026-04-11 19:04:39,Do Not Enter,25,,,,pending,,,RSI at 28.12 shows oversold conditions but DI- (37.96) dominates DI+ (13.84) confirming strong bearish trend despite high ADX (49.80) trend strength,Negative news sentiment at -0.35 provides no support for a bullish reversal attempt,No trade history available but consistent low confidence signals suggest poor market conditions for entries,Oversold RSI without positive sentiment confirmation plus bearish directional indicators create a falling knife scenario unsuitable for aggressive day trading [OVERRIDDEN: Confidence 25% below 60% threshold],Confidence 25% below 60% threshold,RSI: 28.1172 | MACD: -0.0397 | ADX: 49.8023 | DI_PLUS: 13.8441 | DI_MINUS: 37.96,0,
2026-04-11 19:07:39,Do Not Enter,25,,,,pending,,,RSI at 38.8 shows oversold conditions but DI- (33.99) dominates DI+ (19.54) confirming strong bearish trend despite high ADX strength of 46.46,Negative sentiment at -0.35 provides no support for counter-trend bounce attempt,Ten consecutive Do Not Enter signals at 25% confidence shows market lacks clear tradeable setups,Cannot enter Buy when DI- > DI+ confirms downtrend and oversold RSI without positive sentiment suggests falling knife scenario [OVERRIDDEN: Confidence 25% below 60% threshold],Confidence 25% below 60% threshold,RSI: 38.7947 | MACD: -0.0337 | ADX: 46.4619 | DI_PLUS: 19.5357 | DI_MINUS: 33.992,0,
2026-04-11 19:10:39,Do Not Enter,25,,,,pending,,,"DI- (31.29) dominates DI+ (22.40) confirming bearish trend despite strong ADX (41.84), RSI at neutral 40.63 with negative MACD momentum",Negative sentiment (-0.35) with limited news flow provides no bullish catalyst,Consistent 25% confidence signals indicate persistently weak market conditions for entries,Bearish directional indicators with negative sentiment fall well below 60% confidence threshold required for aggressive day trading [OVERRIDDEN: Confidence 25% below 60% threshold],Confidence 25% below 60% threshold,RSI: 40.6262 | MACD: -0.0285 | ATR: 0.0162 | ADX: 41.8369 | DI_PLUS: 22.4002 | DI_MINUS: 31.2872,0,
2026-04-11 19:13:40,Buy,65,9.12,8.9,9.45,pending,,,"RSI at neutral 55 with DI+ (37.18) clearly above DI- (25.33) confirming uptrend, ADX at 35.9 shows strong trend strength, price at BB upper suggests momentum continuation.",Negative sentiment at -0.35 with only 2 headlines creates some headwind but not strong enough to override technical bullish setup.,"No recent trade history to bias against entry, clean slate with fresh technical alignment.","Strong directional bias from DI+/DI- spread overcomes moderate negative sentiment, targeting 3.6% move with tight 2.4% stop maintaining 1.5:1 reward ratio.",,RSI: 55.142 | MACD: -0.0128 | BB_UPPER: 9.1212 | ADX: 35.9069 | DI_PLUS: 37.1839 | DI_MINUS: 25.3266,0,
2026-04-11 19:16:41,Buy,72,9.12,8.9,9.45,pending,,,"RSI neutral at 55.3 with strong trend (ADX 31.8) and bullish bias confirmed by DI+ 36.8 > DI- 26.2, MACD slightly negative but directional indicators favor upside",Neutral news sentiment at 0.00 provides no headwind or tailwind to technical setup,"Previous cautious signals show disciplined approach, recent 65% confidence Buy signal suggests momentum building",Strong directional bias with DI+ dominance and meaningful trend strength creates aggressive day trade opportunity targeting 3.6% move with 2.4% risk,,RSI: 55.3034 | MACD: -0.0063 | ADX: 31.7666 | DI_PLUS: 36.7572 | DI_MINUS: 26.2229,0,
2026-04-11 19:16:41,Buy,72,9.12,8.9,9.45,W,9.47,2026-04-13 15:16:53,"RSI neutral at 55.3 with strong trend (ADX 31.8) and bullish bias confirmed by DI+ 36.8 > DI- 26.2, MACD slightly negative but directional indicators favor upside",Neutral news sentiment at 0.00 provides no headwind or tailwind to technical setup,"Previous cautious signals show disciplined approach, recent 65% confidence Buy signal suggests momentum building",Strong directional bias with DI+ dominance and meaningful trend strength creates aggressive day trade opportunity targeting 3.6% move with 2.4% risk,,RSI: 55.3034 | MACD: -0.0063 | ADX: 31.7666 | DI_PLUS: 36.7572 | DI_MINUS: 26.2229,0,
2026-04-11 19:13:40,Buy,65,9.12,8.9,9.45,W,9.47,2026-04-13 15:16:53,"RSI at neutral 55 with DI+ (37.18) clearly above DI- (25.33) confirming uptrend, ADX at 35.9 shows strong trend strength, price at BB upper suggests momentum continuation.",Negative sentiment at -0.35 with only 2 headlines creates some headwind but not strong enough to override technical bullish setup.,"No recent trade history to bias against entry, clean slate with fresh technical alignment.","Strong directional bias from DI+/DI- spread overcomes moderate negative sentiment, targeting 3.6% move with tight 2.4% stop maintaining 1.5:1 reward ratio.",,RSI: 55.142 | MACD: -0.0128 | BB_UPPER: 9.1212 | ADX: 35.9069 | DI_PLUS: 37.1839 | DI_MINUS: 25.3266,0,
2026-04-13 22:46:39,Buy,68,9.42,9.0,10.05,pending,,,RSI neutral at 52.6 with DI+ (49.9) decisively above DI- (40.9) confirming uptrend despite weak ADX 16.0,Strong bullish sentiment +0.78 from 7 headlines provides fundamental support for momentum entry,Recent pattern shows disciplined avoidance of low-confidence setups followed by successful high-conviction entries,DI+ dominance plus strong sentiment creates 68% confidence setup targeting 1.5% move with proper 1.5:1 reward-risk,,RSI: 52.6354 | MACD: -0.0016 | ADX: 16.0198 | DI_PLUS: 49.8568 | DI_MINUS: 40.9216,0,
timestamp,signal,direction,confidence,entry_price,stop_loss,take_profit,risk_amount,reward_amount,outcome,close_price,close_time,ta_summary,sentiment_summary,history_summary,decision_rationale,overrides,indicators,tp_adjustments,tp_adjustment_log
2026-04-13 22:49:29,Buy,LONG,72,9.42,9.22,9.72,20.0,30.0,pending,,,DI+ (49.86) dominates DI- (40.92) confirming uptrend with neutral RSI (52.64) and MACD near zero providing clean entry setup,Strong positive sentiment (+0.78) from 7 headlines supports bullish momentum,Recent wins align with current setup: DI+ dominance with neutral RSI historically profitable,"Clear directional bias with DI+ advantage, neutral RSI avoiding oversold territory, and strong sentiment confluence justify aggressive long entry",,RSI: 52.6354 | MACD: -0.0007 | ADX: 14.7882 | DI_PLUS: 49.8569 | DI_MINUS: 40.9215,0,
timestamp,signal,direction,confidence,entry_price,stop_loss,take_profit,risk_amount,reward_amount,outcome,close_price,close_time,ta_summary,sentiment_summary,history_summary,decision_rationale,overrides,indicators,tp_adjustments,tp_adjustment_log
2026-04-13 22:52:43,Do Not Enter,,45,,,,20.0,30.0,pending,,,RSI at 22.64 shows severe oversold conditions with DI- at 73.79 vs DI+ at 22.12 confirming strong downtrend and MACD negative at -0.0054,Strong positive sentiment at +0.75 creates conflicting signal against the technical bearish setup,"Recent pattern shows losses were avoided when DI- dominated despite oversold RSI, confirming trend direction over RSI extremes","RSI below 35 with sentiment above +0.4 violates oversold entry rules, and confidence falls below 60% threshold due to conflicting technical bearish vs fundamental bullish signals [OVERRIDDEN: Confidence 45% below 60% threshold]",Confidence 45% below 60% threshold,RSI: 22.6352 | MACD: -0.0054 | DI_PLUS: 22.1199 | DI_MINUS: 73.7888,0,
timestamp,signal,direction,confidence,entry_price,stop_loss,take_profit,risk_amount,reward_amount,outcome,close_price,close_time,ta_summary,sentiment_summary,history_summary,decision_rationale,overrides,indicators,tp_adjustments,tp_adjustment_log
2026-04-13 22:55:40,Do Not Enter,,25,,,,20.0,30.0,pending,,,"RSI at 18 is severely oversold while DI- at 79 vs DI+ at 18 shows strong downtrend, but momentum may be exhausted",Strong positive sentiment at +0.72 conflicts with bearish technical setup creating uncertainty,"Recent losses occurred when ignoring DI- dominance despite oversold conditions, exactly matching current setup","RSI below 35 requires sentiment above +0.4 for Buy consideration, but DI- domination prevents Buy while oversold RSI prevents Sell - conflicting signals demand patience [OVERRIDDEN: Confidence 25% below 60% threshold]",Confidence 25% below 60% threshold,RSI: 18.0488 | MACD: -0.009 | ADX: 30.1776 | DI_PLUS: 17.7237 | DI_MINUS: 78.998,0,
timestamp,signal,direction,confidence,entry_price,stop_loss,take_profit,risk_amount,reward_amount,outcome,close_price,close_time,ta_summary,sentiment_summary,history_summary,decision_rationale,overrides,indicators,tp_adjustments,tp_adjustment_log
2026-04-13 22:58:40,Do Not Enter,,45,,,,20.0,30.0,pending,,,"RSI at 18 is severely oversold with DI- at 78.99 dominating DI+ at 17.72, confirming strong downtrend momentum with ADX at 36.79 showing trend strength.",News sentiment is strongly positive at +0.72 but not enough to override the technical bearish dominance.,"Recent pattern shows losses when DI- dominance persists despite oversold conditions, exactly matching current setup.","Confidence below 60% threshold due to conflict between severely oversold RSI and insufficient sentiment confirmation (+0.72 vs required +0.4), while strong DI- dominance suggests downtrend continuation despite oversold levels. [OVERRIDDEN: Confidence 45% below 60% threshold]",Confidence 45% below 60% threshold,RSI: 18.0488 | MACD: -0.0105 | ADX: 36.7908 | DI_PLUS: 17.7237 | DI_MINUS: 78.9981,0,
timestamp,signal,direction,confidence,entry_price,stop_loss,take_profit,risk_amount,reward_amount,outcome,close_price,close_time,ta_summary,sentiment_summary,history_summary,decision_rationale,overrides,indicators,tp_adjustments,tp_adjustment_log
2026-04-13 23:01:40,Buy,LONG,78,9.41,9.2,9.73,20.0,30.0,pending,,,"DI+ at 57.37 clearly dominates DI- at 40.93 confirming uptrend, RSI at 57.94 is neutral bullish zone, strong ADX at 35.66 shows meaningful trend strength.",Very positive sentiment at +0.72 with 8 headlines provides strong bullish backdrop for momentum continuation.,"Recent pattern shows wins when DI+ exceeds DI- with neutral RSI exactly like current setup, validating this confluence.","Clear uptrend confirmation with DI+ dominance, neutral RSI in sweet spot, and strong positive sentiment aligns perfectly with winning pattern.",,RSI: 57.9357 | MACD: -0.0061 | ADX: 35.6626 | DI_PLUS: 57.3713 | DI_MINUS: 40.9302,0,
timestamp,signal,direction,confidence,entry_price,stop_loss,take_profit,risk_amount,reward_amount,outcome,close_price,close_time,ta_summary,sentiment_summary,history_summary,decision_rationale,overrides,indicators,tp_adjustments,tp_adjustment_log
2026-04-13 22:49:29,Buy,LONG,72,9.42,9.22,9.72,20.0,30.0,L,9.21,2026-04-14 11:50:12,DI+ (49.86) dominates DI- (40.92) confirming uptrend with neutral RSI (52.64) and MACD near zero providing clean entry setup,Strong positive sentiment (+0.78) from 7 headlines supports bullish momentum,Recent wins align with current setup: DI+ dominance with neutral RSI historically profitable,"Clear directional bias with DI+ advantage, neutral RSI avoiding oversold territory, and strong sentiment confluence justify aggressive long entry",,RSI: 52.6354 | MACD: -0.0007 | ADX: 14.7882 | DI_PLUS: 49.8569 | DI_MINUS: 40.9215,0,
timestamp,signal,direction,confidence,entry_price,stop_loss,take_profit,risk_amount,reward_amount,outcome,close_price,close_time,ta_summary,sentiment_summary,history_summary,decision_rationale,overrides,indicators,tp_adjustments,tp_adjustment_log
2026-04-14 11:52:42,Do Not Enter,,45,,,,19.6,29.4,pending,,,"RSI at 37.46 shows oversold conditions while DI- (52.68) strongly dominates DI+ (24.19) confirming bearish trend, but MACD at -0.0264 shows weak momentum.","News sentiment at +0.65 is strongly positive, creating conflict with bearish technical setup.","Recent losses occurred when following weak signals despite directional alignment, suggesting need for clearer setups.","RSI below 40 with positive sentiment above +0.5 creates conflicting signals, and recent pattern shows importance of waiting for clearer confluence before entry. [OVERRIDDEN: Confidence 45% below 60% threshold]",Confidence 45% below 60% threshold,RSI: 37.4564 | MACD: -0.0264 | ADX: 42.8008 | DI_PLUS: 24.189 | DI_MINUS: 52.6758,0,
timestamp,signal,direction,confidence,entry_price,stop_loss,take_profit,risk_amount,reward_amount,outcome,close_price,close_time,ta_summary,sentiment_summary,history_summary,decision_rationale,overrides,indicators,tp_adjustments,tp_adjustment_log
2026-04-14 11:55:42,Sell,SHORT,72,9.25,9.75,8.5,19.6,29.4,pending,,,"Strong bearish setup with DI- (51.9) dominating DI+ (19.1), high ADX (43.5) confirming strong downtrend, RSI (38.9) in sellable range, and negative MACD (-0.0217).",Positive sentiment (+0.64) exists but not extreme enough to override the strong technical bearish signals.,"Recent wins came from following DI directional signals with strong ADX, which perfectly aligns with current bearish setup.",Aggressive short entry justified by overwhelming directional bias (DI- >> DI+) with strong trend confirmation and RSI in optimal sell zone.,,RSI: 38.8677 | MACD: -0.0217 | ADX: 43.4703 | DI_PLUS: 19.1249 | DI_MINUS: 51.9181,0,
timestamp,signal,direction,confidence,entry_price,stop_loss,take_profit,risk_amount,reward_amount,outcome,close_price,close_time,ta_summary,sentiment_summary,history_summary,decision_rationale,overrides,indicators,tp_adjustments,tp_adjustment_log
2026-04-13 23:01:40,Buy,LONG,78,9.41,9.2,9.73,20.0,30.0,W,9.73,2026-04-16 11:47:23,"DI+ at 57.37 clearly dominates DI- at 40.93 confirming uptrend, RSI at 57.94 is neutral bullish zone, strong ADX at 35.66 shows meaningful trend strength.",Very positive sentiment at +0.72 with 8 headlines provides strong bullish backdrop for momentum continuation.,"Recent pattern shows wins when DI+ exceeds DI- with neutral RSI exactly like current setup, validating this confluence.","Clear uptrend confirmation with DI+ dominance, neutral RSI in sweet spot, and strong positive sentiment aligns perfectly with winning pattern.",,RSI: 57.9357 | MACD: -0.0061 | ADX: 35.6626 | DI_PLUS: 57.3713 | DI_MINUS: 40.9302,0,
timestamp,signal,direction,confidence,entry_price,stop_loss,take_profit,risk_amount,reward_amount,outcome,close_price,close_time,ta_summary,sentiment_summary,history_summary,decision_rationale,overrides,indicators,tp_adjustments,tp_adjustment_log
2026-04-14 11:55:42,Sell,SHORT,72,9.25,9.75,8.5,19.6,29.4,L,9.76,2026-04-16 11:48:39,"Strong bearish setup with DI- (51.9) dominating DI+ (19.1), high ADX (43.5) confirming strong downtrend, RSI (38.9) in sellable range, and negative MACD (-0.0217).",Positive sentiment (+0.64) exists but not extreme enough to override the strong technical bearish signals.,"Recent wins came from following DI directional signals with strong ADX, which perfectly aligns with current bearish setup.",Aggressive short entry justified by overwhelming directional bias (DI- >> DI+) with strong trend confirmation and RSI in optimal sell zone.,,RSI: 38.8677 | MACD: -0.0217 | ADX: 43.4703 | DI_PLUS: 19.1249 | DI_MINUS: 51.9181,0,
timestamp,signal,direction,confidence,entry_price,stop_loss,take_profit,risk_amount,reward_amount,outcome,close_price,close_time,ta_summary,sentiment_summary,history_summary,decision_rationale,overrides,indicators,tp_adjustments,tp_adjustment_log
2026-04-16 14:43:40,Buy,LONG,72,9.71,9.35,10.25,19.81,29.71,pending,,,DI+ (43.86) strongly above DI- (26.99) with RSI at 58.45 in neutral zone and positive MACD (0.0051) confirming upward momentum.,Neutral sentiment (+0.15) provides no headwinds against the technical setup.,Recent wins occurred with strong DI+ directional bias which we have here with 17-point spread.,"Clear bullish confluence with DI+ dominance, positive MACD, and RSI in ideal buy zone - matches historical winning pattern.",,RSI: 58.4548 | MACD: 0.0051 | BB_UPPER: 9.7262 | ADX: 21.536 | DI_PLUS: 43.8553 | DI_MINUS: 26.9933,0,
timestamp,signal,direction,confidence,entry_price,stop_loss,take_profit,risk_amount,reward_amount,outcome,close_price,close_time,ta_summary,sentiment_summary,history_summary,decision_rationale,overrides,indicators,tp_adjustments,tp_adjustment_log
2026-04-16 14:46:40,Sell,SHORT,68,9.69,9.99,9.24,19.81,29.71,pending,,,"DI- dominates at 43.12 vs DI+ 29.56 confirming downtrend, RSI at 45 allows room to move lower, MACD barely positive at 0.0033 shows weakening momentum",Neutral sentiment at +0.15 provides no bullish counter-force to technical bearish setup,Recent wins came from following strong directional bias which currently favors bears with DI- > DI+,"Clear downtrend confirmation with DI- dominance, RSI in optimal sell zone, and sentiment not opposing the bearish technical picture",,RSI: 45.1191 | MACD: 0.0033 | ADX: 18.6446 | DI_PLUS: 29.5607 | DI_MINUS: 43.1169,0,
timestamp,signal,direction,confidence,entry_price,stop_loss,take_profit,risk_amount,reward_amount,outcome,close_price,close_time,ta_summary,sentiment_summary,history_summary,decision_rationale,overrides,indicators,tp_adjustments,tp_adjustment_log
2026-04-16 14:43:40,Buy,LONG,72,9.71,9.35,10.25,19.81,29.71,L,9.35,2026-04-18 11:55:55,DI+ (43.86) strongly above DI- (26.99) with RSI at 58.45 in neutral zone and positive MACD (0.0051) confirming upward momentum.,Neutral sentiment (+0.15) provides no headwinds against the technical setup.,Recent wins occurred with strong DI+ directional bias which we have here with 17-point spread.,"Clear bullish confluence with DI+ dominance, positive MACD, and RSI in ideal buy zone - matches historical winning pattern.",,RSI: 58.4548 | MACD: 0.0051 | BB_UPPER: 9.7262 | ADX: 21.536 | DI_PLUS: 43.8553 | DI_MINUS: 26.9933,0,
timestamp,signal,direction,confidence,entry_price,stop_loss,take_profit,risk_amount,reward_amount,outcome,close_price,close_time,ta_summary,sentiment_summary,history_summary,decision_rationale,overrides,indicators,tp_adjustments,tp_adjustment_log
2026-04-18 15:35:40,Sell,SHORT,68,9.37,9.68,8.9,19.41,29.12,pending,,,"DI- dominates at 57.45 vs DI+ 42.53 confirming downtrend, RSI 39.65 shows selling pressure without oversold exhaustion, MACD barely positive at 0.0004 suggests momentum fading",Slight negative sentiment at -0.15 provides no bullish counterforce to technical bearishness,"Recent pattern shows high-confidence directional trades outperform, and DI- > DI+ provides clear directional conviction",Strong bearish directional bias with RSI in ideal sell zone creates aggressive short opportunity targeting 5% downside move,,RSI: 39.6532 | MACD: 0.0004 | ADX: 26.3111 | DI_PLUS: 42.5264 | DI_MINUS: 57.4544 | OBV: -196.3627,0,
timestamp,signal,direction,confidence,entry_price,stop_loss,take_profit,risk_amount,reward_amount,outcome,close_price,close_time,ta_summary,sentiment_summary,history_summary,decision_rationale,overrides,indicators,tp_adjustments,tp_adjustment_log
2026-04-16 14:46:40,Sell,SHORT,68,9.69,9.99,9.24,19.81,29.71,W,9.24,2026-04-18 23:20:26,"DI- dominates at 43.12 vs DI+ 29.56 confirming downtrend, RSI at 45 allows room to move lower, MACD barely positive at 0.0033 shows weakening momentum",Neutral sentiment at +0.15 provides no bullish counter-force to technical bearish setup,Recent wins came from following strong directional bias which currently favors bears with DI- > DI+,"Clear downtrend confirmation with DI- dominance, RSI in optimal sell zone, and sentiment not opposing the bearish technical picture",,RSI: 45.1191 | MACD: 0.0033 | ADX: 18.6446 | DI_PLUS: 29.5607 | DI_MINUS: 43.1169,0,
timestamp,signal,direction,confidence,entry_price,stop_loss,take_profit,risk_amount,reward_amount,outcome,close_price,close_time,ta_summary,sentiment_summary,history_summary,decision_rationale,overrides,indicators,tp_adjustments,tp_adjustment_log
2026-04-18 23:20:40,Do Not Enter,,75,,,,20.01,30.01,pending,,,"Strong bearish setup with DI- at 56.05 vs DI+ at 20.49, ADX at 42.91 confirming strong trend, RSI at 31.65 not yet oversold, and negative MACD momentum.",Slightly negative news sentiment at -0.15 aligns with bearish technical setup without being extreme.,Historical data shows higher confidence levels (75%+) perform better than lower confidence trades.,"Clear downtrend confirmation with DI- dominating DI+, strong trend strength from ADX, and RSI above oversold threshold creates high-probability short entry. [OVERRIDDEN: Sell blocked: RSI 31.6516 < 35 (oversold, move exhausted)]","Sell blocked: RSI 31.6516 < 35 (oversold, move exhausted)",RSI: 31.6516 | MACD: -0.0107 | ADX: 42.9096 | DI_PLUS: 20.4861 | DI_MINUS: 56.0538,0,
timestamp,signal,direction,confidence,entry_price,stop_loss,take_profit,risk_amount,reward_amount,outcome,close_price,close_time,ta_summary,sentiment_summary,history_summary,decision_rationale,overrides,indicators,tp_adjustments,tp_adjustment_log
2026-04-19 02:10:11,Buy,LONG,75,9.21,9.19,9.24,20.01,30.01,pending,,,"Strong bullish setup with DI+ (66.63) well above DI- (32.60), RSI at 67 showing momentum without being overbought, and positive MACD confirming upward trend",Mildly negative sentiment (-0.15) is not strong enough to override clear technical bullish signals,"Recent high-confidence Buy signals have been winning trades, supporting aggressive entry on strong technical confluence","Clear directional bias with DI+ dominance, RSI in optimal range, and proven pattern success justifies aggressive 75% confidence Buy entry",,RSI: 67.0585 | MACD: 0.0034 | ATR: 0.0014 | ADX: 24.3129 | DI_PLUS: 66.6262 | DI_MINUS: 32.6023,0,
timestamp,signal,direction,confidence,entry_price,stop_loss,take_profit,risk_amount,reward_amount,outcome,close_price,close_time,ta_summary,sentiment_summary,history_summary,decision_rationale,overrides,indicators,tp_adjustments,tp_adjustment_log
2026-04-19 02:10:11,Buy,LONG,75,9.21,9.19,9.24,20.01,30.01,L,9.19,2026-04-19 02:23:26,"Strong bullish setup with DI+ (66.63) well above DI- (32.60), RSI at 67 showing momentum without being overbought, and positive MACD confirming upward trend",Mildly negative sentiment (-0.15) is not strong enough to override clear technical bullish signals,"Recent high-confidence Buy signals have been winning trades, supporting aggressive entry on strong technical confluence","Clear directional bias with DI+ dominance, RSI in optimal range, and proven pattern success justifies aggressive 75% confidence Buy entry",,RSI: 67.0585 | MACD: 0.0034 | ATR: 0.0014 | ADX: 24.3129 | DI_PLUS: 66.6262 | DI_MINUS: 32.6023,0,
timestamp,signal,direction,confidence,entry_price,stop_loss,take_profit,risk_amount,reward_amount,outcome,close_price,close_time,ta_summary,sentiment_summary,history_summary,decision_rationale,overrides,indicators,tp_adjustments,tp_adjustment_log
2026-04-19 03:24:36,Do Not Enter,,45,,,,19.61,29.41,pending,,,RSI at 31.84 shows oversold conditions while DI- dominates at 68.12 vs DI+ at 31.83 confirming strong downtrend,Slightly negative sentiment at -0.15 provides no bullish counterbalance to oversold technical conditions,"Recent pattern shows 72-75% confidence signals lose while high confidence signals win, favoring abstention",RSI below 35 without strong positive sentiment creates falling knife scenario while DI- dominance blocks Buy signal per permanent rules [OVERRIDDEN: Confidence 45% below 60% threshold],Confidence 45% below 60% threshold,RSI: 31.8359 | MACD: -0.0048 | ADX: 31.3864 | DI_PLUS: 31.8296 | DI_MINUS: 68.1204,0,
timestamp,signal,direction,confidence,entry_price,stop_loss,take_profit,risk_amount,reward_amount,outcome,close_price,close_time,ta_summary,sentiment_summary,history_summary,decision_rationale,overrides,indicators,tp_adjustments,tp_adjustment_log
2026-04-19 07:28:46,Do Not Enter,,45,,,,19.61,29.41,pending,,,DI- (40.23) > DI+ (32.22) confirms downtrend but RSI at 56.72 is not in ideal Sell range and MACD barely positive at 0.0038,Slight negative sentiment (-0.15) provides weak bearish confirmation but not strong enough for conviction,Recent pattern shows high-confidence signals perform better while moderate signals show mixed results,"Conflicting signals with DI- showing downtrend but MACD still positive, plus confidence below 60% threshold prevents entry [OVERRIDDEN: Confidence 45% below 60% threshold]",Confidence 45% below 60% threshold,RSI: 56.7229 | MACD: 0.0038 | ATR: 0.0034 | ADX: 26.4664 | DI_PLUS: 32.217 | DI_MINUS: 40.2341,0,
timestamp,signal,direction,confidence,entry_price,stop_loss,take_profit,risk_amount,reward_amount,outcome,close_price,close_time,ta_summary,sentiment_summary,history_summary,decision_rationale,overrides,indicators,tp_adjustments,tp_adjustment_log
2026-04-19 10:47:41,Buy,LONG,65,9.21,8.95,9.6,19.61,29.41,pending,,,"DI+ dominates at 55.37 vs DI- at 44.62 confirming uptrend, RSI neutral at 57, MACD slightly negative but trend structure favors bulls",Mild negative sentiment at -0.15 is manageable and not strong enough to override technical uptrend signals,"Recent pattern shows high-confidence signals performing better, and this setup meets the 60%+ confidence threshold with clear directional bias","DI+ advantage creates valid Buy setup despite slight MACD weakness, targeting small momentum move with tight risk management",,RSI: 56.9966 | MACD: -0.0006 | BB_UPPER: 9.2238 | BB_LOWER: 9.1722 | ADX: 16.2598 | DI_PLUS: 55.3732 | DI_MINUS: 44.6229,0,
